--
-- PostgreSQL database dump
--

-- Dumped from database version 16.3
-- Dumped by pg_dump version 16.3

SET statement_timeout = 0;
SET lock_timeout = 0;
SET idle_in_transaction_session_timeout = 0;
SET client_encoding = 'UTF8';
SET standard_conforming_strings = on;
SELECT pg_catalog.set_config('search_path', '', false);
SET check_function_bodies = false;
SET xmloption = content;
SET client_min_messages = warning;
SET row_security = off;

SET default_tablespace = '';

SET default_table_access_method = heap;

--
-- Name: auth_group; Type: TABLE; Schema: public; Owner: postgres
--

CREATE TABLE public.auth_group (
    id integer NOT NULL,
    name character varying(150) NOT NULL
);


ALTER TABLE public.auth_group OWNER TO postgres;

--
-- Name: auth_group_id_seq; Type: SEQUENCE; Schema: public; Owner: postgres
--

ALTER TABLE public.auth_group ALTER COLUMN id ADD GENERATED BY DEFAULT AS IDENTITY (
    SEQUENCE NAME public.auth_group_id_seq
    START WITH 1
    INCREMENT BY 1
    NO MINVALUE
    NO MAXVALUE
    CACHE 1
);


--
-- Name: auth_group_permissions; Type: TABLE; Schema: public; Owner: postgres
--

CREATE TABLE public.auth_group_permissions (
    id bigint NOT NULL,
    group_id integer NOT NULL,
    permission_id integer NOT NULL
);


ALTER TABLE public.auth_group_permissions OWNER TO postgres;

--
-- Name: auth_group_permissions_id_seq; Type: SEQUENCE; Schema: public; Owner: postgres
--

ALTER TABLE public.auth_group_permissions ALTER COLUMN id ADD GENERATED BY DEFAULT AS IDENTITY (
    SEQUENCE NAME public.auth_group_permissions_id_seq
    START WITH 1
    INCREMENT BY 1
    NO MINVALUE
    NO MAXVALUE
    CACHE 1
);


--
-- Name: auth_permission; Type: TABLE; Schema: public; Owner: postgres
--

CREATE TABLE public.auth_permission (
    id integer NOT NULL,
    name character varying(255) NOT NULL,
    content_type_id integer NOT NULL,
    codename character varying(100) NOT NULL
);


ALTER TABLE public.auth_permission OWNER TO postgres;

--
-- Name: auth_permission_id_seq; Type: SEQUENCE; Schema: public; Owner: postgres
--

ALTER TABLE public.auth_permission ALTER COLUMN id ADD GENERATED BY DEFAULT AS IDENTITY (
    SEQUENCE NAME public.auth_permission_id_seq
    START WITH 1
    INCREMENT BY 1
    NO MINVALUE
    NO MAXVALUE
    CACHE 1
);


--
-- Name: auth_user; Type: TABLE; Schema: public; Owner: postgres
--

CREATE TABLE public.auth_user (
    id integer NOT NULL,
    password character varying(128) NOT NULL,
    last_login timestamp with time zone,
    is_superuser boolean NOT NULL,
    username character varying(150) NOT NULL,
    first_name character varying(150) NOT NULL,
    last_name character varying(150) NOT NULL,
    email character varying(254) NOT NULL,
    is_staff boolean NOT NULL,
    is_active boolean NOT NULL,
    date_joined timestamp with time zone NOT NULL
);


ALTER TABLE public.auth_user OWNER TO postgres;

--
-- Name: auth_user_groups; Type: TABLE; Schema: public; Owner: postgres
--

CREATE TABLE public.auth_user_groups (
    id bigint NOT NULL,
    user_id integer NOT NULL,
    group_id integer NOT NULL
);


ALTER TABLE public.auth_user_groups OWNER TO postgres;

--
-- Name: auth_user_groups_id_seq; Type: SEQUENCE; Schema: public; Owner: postgres
--

ALTER TABLE public.auth_user_groups ALTER COLUMN id ADD GENERATED BY DEFAULT AS IDENTITY (
    SEQUENCE NAME public.auth_user_groups_id_seq
    START WITH 1
    INCREMENT BY 1
    NO MINVALUE
    NO MAXVALUE
    CACHE 1
);


--
-- Name: auth_user_id_seq; Type: SEQUENCE; Schema: public; Owner: postgres
--

ALTER TABLE public.auth_user ALTER COLUMN id ADD GENERATED BY DEFAULT AS IDENTITY (
    SEQUENCE NAME public.auth_user_id_seq
    START WITH 1
    INCREMENT BY 1
    NO MINVALUE
    NO MAXVALUE
    CACHE 1
);


--
-- Name: auth_user_user_permissions; Type: TABLE; Schema: public; Owner: postgres
--

CREATE TABLE public.auth_user_user_permissions (
    id bigint NOT NULL,
    user_id integer NOT NULL,
    permission_id integer NOT NULL
);


ALTER TABLE public.auth_user_user_permissions OWNER TO postgres;

--
-- Name: auth_user_user_permissions_id_seq; Type: SEQUENCE; Schema: public; Owner: postgres
--

ALTER TABLE public.auth_user_user_permissions ALTER COLUMN id ADD GENERATED BY DEFAULT AS IDENTITY (
    SEQUENCE NAME public.auth_user_user_permissions_id_seq
    START WITH 1
    INCREMENT BY 1
    NO MINVALUE
    NO MAXVALUE
    CACHE 1
);


--
-- Name: django_admin_log; Type: TABLE; Schema: public; Owner: postgres
--

CREATE TABLE public.django_admin_log (
    id integer NOT NULL,
    action_time timestamp with time zone NOT NULL,
    object_id text,
    object_repr character varying(200) NOT NULL,
    action_flag smallint NOT NULL,
    change_message text NOT NULL,
    content_type_id integer,
    user_id integer NOT NULL,
    CONSTRAINT django_admin_log_action_flag_check CHECK ((action_flag >= 0))
);


ALTER TABLE public.django_admin_log OWNER TO postgres;

--
-- Name: django_admin_log_id_seq; Type: SEQUENCE; Schema: public; Owner: postgres
--

ALTER TABLE public.django_admin_log ALTER COLUMN id ADD GENERATED BY DEFAULT AS IDENTITY (
    SEQUENCE NAME public.django_admin_log_id_seq
    START WITH 1
    INCREMENT BY 1
    NO MINVALUE
    NO MAXVALUE
    CACHE 1
);


--
-- Name: django_content_type; Type: TABLE; Schema: public; Owner: postgres
--

CREATE TABLE public.django_content_type (
    id integer NOT NULL,
    app_label character varying(100) NOT NULL,
    model character varying(100) NOT NULL
);


ALTER TABLE public.django_content_type OWNER TO postgres;

--
-- Name: django_content_type_id_seq; Type: SEQUENCE; Schema: public; Owner: postgres
--

ALTER TABLE public.django_content_type ALTER COLUMN id ADD GENERATED BY DEFAULT AS IDENTITY (
    SEQUENCE NAME public.django_content_type_id_seq
    START WITH 1
    INCREMENT BY 1
    NO MINVALUE
    NO MAXVALUE
    CACHE 1
);


--
-- Name: django_migrations; Type: TABLE; Schema: public; Owner: postgres
--

CREATE TABLE public.django_migrations (
    id bigint NOT NULL,
    app character varying(255) NOT NULL,
    name character varying(255) NOT NULL,
    applied timestamp with time zone NOT NULL
);


ALTER TABLE public.django_migrations OWNER TO postgres;

--
-- Name: django_migrations_id_seq; Type: SEQUENCE; Schema: public; Owner: postgres
--

ALTER TABLE public.django_migrations ALTER COLUMN id ADD GENERATED BY DEFAULT AS IDENTITY (
    SEQUENCE NAME public.django_migrations_id_seq
    START WITH 1
    INCREMENT BY 1
    NO MINVALUE
    NO MAXVALUE
    CACHE 1
);


--
-- Name: django_session; Type: TABLE; Schema: public; Owner: postgres
--

CREATE TABLE public.django_session (
    session_key character varying(40) NOT NULL,
    session_data text NOT NULL,
    expire_date timestamp with time zone NOT NULL
);


ALTER TABLE public.django_session OWNER TO postgres;

--
-- Name: exatas_cadastros_cadastro; Type: TABLE; Schema: public; Owner: postgres
--

CREATE TABLE public.exatas_cadastros_cadastro (
    id bigint NOT NULL,
    descricao character varying(80) NOT NULL,
    valor numeric(10,2) NOT NULL,
    data date NOT NULL,
    categoria_id bigint NOT NULL,
    conta_id bigint NOT NULL
);


ALTER TABLE public.exatas_cadastros_cadastro OWNER TO postgres;

--
-- Name: exatas_cadastros_categoria; Type: TABLE; Schema: public; Owner: postgres
--

CREATE TABLE public.exatas_cadastros_categoria (
    id bigint NOT NULL,
    registros character varying(40) NOT NULL
);


ALTER TABLE public.exatas_cadastros_categoria OWNER TO postgres;

--
-- Name: exatas_cadastros_categoria_id_seq; Type: SEQUENCE; Schema: public; Owner: postgres
--

ALTER TABLE public.exatas_cadastros_categoria ALTER COLUMN id ADD GENERATED BY DEFAULT AS IDENTITY (
    SEQUENCE NAME public.exatas_cadastros_categoria_id_seq
    START WITH 1
    INCREMENT BY 1
    NO MINVALUE
    NO MAXVALUE
    CACHE 1
);


--
-- Name: exatas_cadastros_conta; Type: TABLE; Schema: public; Owner: postgres
--

CREATE TABLE public.exatas_cadastros_conta (
    id bigint NOT NULL,
    registros character varying(40)
);


ALTER TABLE public.exatas_cadastros_conta OWNER TO postgres;

--
-- Name: exatas_cadastros_conta_id_seq; Type: SEQUENCE; Schema: public; Owner: postgres
--

ALTER TABLE public.exatas_cadastros_conta ALTER COLUMN id ADD GENERATED BY DEFAULT AS IDENTITY (
    SEQUENCE NAME public.exatas_cadastros_conta_id_seq
    START WITH 1
    INCREMENT BY 1
    NO MINVALUE
    NO MAXVALUE
    CACHE 1
);


--
-- Name: exatas_cadastros_lancamento_id_seq; Type: SEQUENCE; Schema: public; Owner: postgres
--

ALTER TABLE public.exatas_cadastros_cadastro ALTER COLUMN id ADD GENERATED BY DEFAULT AS IDENTITY (
    SEQUENCE NAME public.exatas_cadastros_lancamento_id_seq
    START WITH 1
    INCREMENT BY 1
    NO MINVALUE
    NO MAXVALUE
    CACHE 1
);


--
-- Data for Name: auth_group; Type: TABLE DATA; Schema: public; Owner: postgres
--

COPY public.auth_group (id, name) FROM stdin;
\.


--
-- Data for Name: auth_group_permissions; Type: TABLE DATA; Schema: public; Owner: postgres
--

COPY public.auth_group_permissions (id, group_id, permission_id) FROM stdin;
\.


--
-- Data for Name: auth_permission; Type: TABLE DATA; Schema: public; Owner: postgres
--

COPY public.auth_permission (id, name, content_type_id, codename) FROM stdin;
1	Can add log entry	1	add_logentry
2	Can change log entry	1	change_logentry
3	Can delete log entry	1	delete_logentry
4	Can view log entry	1	view_logentry
5	Can add permission	2	add_permission
6	Can change permission	2	change_permission
7	Can delete permission	2	delete_permission
8	Can view permission	2	view_permission
9	Can add group	3	add_group
10	Can change group	3	change_group
11	Can delete group	3	delete_group
12	Can view group	3	view_group
13	Can add user	4	add_user
14	Can change user	4	change_user
15	Can delete user	4	delete_user
16	Can view user	4	view_user
17	Can add content type	5	add_contenttype
18	Can change content type	5	change_contenttype
19	Can delete content type	5	delete_contenttype
20	Can view content type	5	view_contenttype
21	Can add session	6	add_session
22	Can change session	6	change_session
23	Can delete session	6	delete_session
24	Can view session	6	view_session
25	Can add categoria	7	add_categoria
26	Can change categoria	7	change_categoria
27	Can delete categoria	7	delete_categoria
28	Can view categoria	7	view_categoria
29	Can add conta	8	add_conta
30	Can change conta	8	change_conta
31	Can delete conta	8	delete_conta
32	Can view conta	8	view_conta
33	Can add lancamento	9	add_lancamento
34	Can change lancamento	9	change_lancamento
35	Can delete lancamento	9	delete_lancamento
36	Can view lancamento	9	view_lancamento
37	Can add cadastro	9	add_cadastro
38	Can change cadastro	9	change_cadastro
39	Can delete cadastro	9	delete_cadastro
40	Can view cadastro	9	view_cadastro
\.


--
-- Data for Name: auth_user; Type: TABLE DATA; Schema: public; Owner: postgres
--

COPY public.auth_user (id, password, last_login, is_superuser, username, first_name, last_name, email, is_staff, is_active, date_joined) FROM stdin;
1	pbkdf2_sha256$720000$j7Yi9yjcUwMt80gcPioMo9$DxICjckP853KzKqM0F9m/GiMEVjNJ+PScjTe4NN9zNE=	2024-06-17 08:42:24.703418-03	t	admin			bruno.gsouza199@gmail.com	t	t	2024-06-13 16:54:58.200008-03
\.


--
-- Data for Name: auth_user_groups; Type: TABLE DATA; Schema: public; Owner: postgres
--

COPY public.auth_user_groups (id, user_id, group_id) FROM stdin;
\.


--
-- Data for Name: auth_user_user_permissions; Type: TABLE DATA; Schema: public; Owner: postgres
--

COPY public.auth_user_user_permissions (id, user_id, permission_id) FROM stdin;
\.


--
-- Data for Name: django_admin_log; Type: TABLE DATA; Schema: public; Owner: postgres
--

COPY public.django_admin_log (id, action_time, object_id, object_repr, action_flag, change_message, content_type_id, user_id) FROM stdin;
1	2024-06-13 17:29:27.859247-03	2	Contas Gerais...	3		9	1
2	2024-06-13 17:29:27.864119-03	1	Contas Gerais...	3		9	1
3	2024-06-13 17:32:06.358926-03	3	Contas Gerais...	3		9	1
4	2024-06-13 17:34:06.613268-03	4	Contas Gerais...	1	[{"added": {}}]	9	1
5	2024-06-13 17:42:29.99079-03	7	Contas Gerais 2...	3		9	1
6	2024-06-13 17:42:29.993027-03	6	Contas Gerais 1...	3		9	1
7	2024-06-13 17:42:29.993759-03	5	Contas Gerais...	3		9	1
8	2024-06-13 17:42:29.993759-03	4	Contas Gerais...	3		9	1
9	2024-06-14 09:49:25.28491-03	15	casa...	3		9	1
10	2024-06-14 09:49:25.288775-03	14	casa...	3		9	1
11	2024-06-14 09:49:25.28953-03	13	casa...	3		9	1
12	2024-06-14 09:49:25.290118-03	12	Bruno...	3		9	1
13	2024-06-14 09:49:25.290698-03	11	Bruno...	3		9	1
14	2024-06-14 09:49:25.291277-03	10	Contas Gerais...	3		9	1
15	2024-06-14 09:49:25.29187-03	9	Bruno...	3		9	1
16	2024-06-14 09:49:25.29187-03	8	Contas Gerais...	3		9	1
17	2024-06-14 09:54:13.273767-03	18	casa...	3		9	1
18	2024-06-14 09:54:13.27591-03	17	casa...	3		9	1
19	2024-06-14 09:54:13.276667-03	16	casa...	3		9	1
20	2024-06-17 08:42:45.872828-03	25	Bruno...	3		9	1
21	2024-06-17 08:42:45.875225-03	24	Lucas...	3		9	1
22	2024-06-17 08:42:45.875936-03	23	casa...	3		9	1
23	2024-06-17 08:42:45.876598-03	22	casa...	3		9	1
24	2024-06-17 08:42:45.877245-03	21	casa...	3		9	1
25	2024-06-17 08:42:45.878711-03	20	casa...	3		9	1
26	2024-06-17 08:42:45.879375-03	19	casa...	3		9	1
\.


--
-- Data for Name: django_content_type; Type: TABLE DATA; Schema: public; Owner: postgres
--

COPY public.django_content_type (id, app_label, model) FROM stdin;
1	admin	logentry
2	auth	permission
3	auth	group
4	auth	user
5	contenttypes	contenttype
6	sessions	session
7	exatas_cadastros	categoria
8	exatas_cadastros	conta
9	exatas_cadastros	cadastro
\.


--
-- Data for Name: django_migrations; Type: TABLE DATA; Schema: public; Owner: postgres
--

COPY public.django_migrations (id, app, name, applied) FROM stdin;
1	contenttypes	0001_initial	2024-06-13 16:29:46.095532-03
2	auth	0001_initial	2024-06-13 16:29:46.166272-03
3	admin	0001_initial	2024-06-13 16:29:46.184252-03
4	admin	0002_logentry_remove_auto_add	2024-06-13 16:29:46.189237-03
5	admin	0003_logentry_add_action_flag_choices	2024-06-13 16:29:46.19524-03
6	contenttypes	0002_remove_content_type_name	2024-06-13 16:29:46.223219-03
7	auth	0002_alter_permission_name_max_length	2024-06-13 16:29:46.22931-03
8	auth	0003_alter_user_email_max_length	2024-06-13 16:29:46.236324-03
9	auth	0004_alter_user_username_opts	2024-06-13 16:29:46.242302-03
10	auth	0005_alter_user_last_login_null	2024-06-13 16:29:46.249465-03
11	auth	0006_require_contenttypes_0002	2024-06-13 16:29:46.250438-03
12	auth	0007_alter_validators_add_error_messages	2024-06-13 16:29:46.256451-03
13	auth	0008_alter_user_username_max_length	2024-06-13 16:29:46.267441-03
14	auth	0009_alter_user_last_name_max_length	2024-06-13 16:29:46.273423-03
15	auth	0010_alter_group_name_max_length	2024-06-13 16:29:46.28143-03
16	auth	0011_update_proxy_permissions	2024-06-13 16:29:46.287253-03
17	auth	0012_alter_user_first_name_max_length	2024-06-13 16:29:46.293021-03
18	exatas_cadastros	0001_initial	2024-06-13 16:29:46.313687-03
19	sessions	0001_initial	2024-06-13 16:29:46.324649-03
20	exatas_cadastros	0002_rename_lancamento_cadastro	2024-06-13 16:36:43.592203-03
\.


--
-- Data for Name: django_session; Type: TABLE DATA; Schema: public; Owner: postgres
--

COPY public.django_session (session_key, session_data, expire_date) FROM stdin;
p16muyo0673ulegm4r90qp2w5g9z6ywp	.eJxVjEEOwiAQRe_C2hBKh07r0n3PQGYYKlUDSWlXxrsbki50-997_608HXvyR42bX0VdVacuvxtTeMbcgDwo34sOJe_byrop-qRVz0Xi63a6fweJamo19ROQZbbWOAREJB4Diu2dAI8yiFvQBmuICMA4EMZlmKLBDiNjUJ8v4UI3-Q:1sHqXS:CDdEZPMZM_Q3Vyqr0CLEyMOKrNeoaZorlwDOIIHo9gE	2024-06-27 16:55:14.610831-03
ipup3lvk5dxqzsatqkxzl0g58ms3fkj8	.eJxVjEEOwiAQRe_C2hBKh07r0n3PQGYYKlUDSWlXxrsbki50-997_608HXvyR42bX0VdVacuvxtTeMbcgDwo34sOJe_byrop-qRVz0Xi63a6fweJamo19ROQZbbWOAREJB4Diu2dAI8yiFvQBmuICMA4EMZlmKLBDiNjUJ8v4UI3-Q:1sI61o:meuoycgZIPaisIamukKddB9uiwBDkkj_9Puyh-9HBzc	2024-06-28 09:27:36.324678-03
vg3vlh1r74d54odm34bj7calvnk6qk4z	.eJxVjEEOwiAQRe_C2hBKh07r0n3PQGYYKlUDSWlXxrsbki50-997_608HXvyR42bX0VdVacuvxtTeMbcgDwo34sOJe_byrop-qRVz0Xi63a6fweJamo19ROQZbbWOAREJB4Diu2dAI8yiFvQBmuICMA4EMZlmKLBDiNjUJ8v4UI3-Q:1sJAki:ldb4qoHPzxLurIyKEAR6kHmVHw3OAsAf-N439X5jbls	2024-07-01 08:42:24.705323-03
\.


--
-- Data for Name: exatas_cadastros_cadastro; Type: TABLE DATA; Schema: public; Owner: postgres
--

COPY public.exatas_cadastros_cadastro (id, descricao, valor, data, categoria_id, conta_id) FROM stdin;
26	Bruno	1500.00	2024-06-13	1	1
27	Contas Gerais	1500.30	2021-03-11	1	1
28	teste	200.00	2024-06-20	1	1
\.


--
-- Data for Name: exatas_cadastros_categoria; Type: TABLE DATA; Schema: public; Owner: postgres
--

COPY public.exatas_cadastros_categoria (id, registros) FROM stdin;
1	Vendas de Produtos
2	Serviços Prestados
3	Juros Recebidos
4	Aluguéis Recebidos
5	Salários e Encargos Sociais
6	Aluguel e Arrendamento
7	Despesas de Utilidades
8	Despesas de Marketing e Publicidade
9	Custo das Mercadorias Vendidas (CMV
10	Custo dos Serviços Prestados
11	Custos Indiretos de Fabricação (CIF
12	Custos de Distruibuição
13	Caixa e Equivalentes de Caixa
14	Contas a Receber
15	Estoque
16	Investimentos
17	Contas a Pagar
18	Empréstimos e Financiamentos
19	Salários a Pagar
20	Impostos a Pagar
\.


--
-- Data for Name: exatas_cadastros_conta; Type: TABLE DATA; Schema: public; Owner: postgres
--

COPY public.exatas_cadastros_conta (id, registros) FROM stdin;
1	Ativos Circulantes
2	Ativos Não Circulantes
3	Passivos Circulantes
4	Passivos Não Circulantes
5	Capital Social
6	Lucros Acumulados
7	Reservas
8	Receitas de Vendas
9	Outras Receitas
10	Despesas de Juros
11	Despesas Operacionais
12	Custos de Produtos
13	Custos Operacionais
\.


--
-- Name: auth_group_id_seq; Type: SEQUENCE SET; Schema: public; Owner: postgres
--

SELECT pg_catalog.setval('public.auth_group_id_seq', 1, false);


--
-- Name: auth_group_permissions_id_seq; Type: SEQUENCE SET; Schema: public; Owner: postgres
--

SELECT pg_catalog.setval('public.auth_group_permissions_id_seq', 1, false);


--
-- Name: auth_permission_id_seq; Type: SEQUENCE SET; Schema: public; Owner: postgres
--

SELECT pg_catalog.setval('public.auth_permission_id_seq', 40, true);


--
-- Name: auth_user_groups_id_seq; Type: SEQUENCE SET; Schema: public; Owner: postgres
--

SELECT pg_catalog.setval('public.auth_user_groups_id_seq', 1, false);


--
-- Name: auth_user_id_seq; Type: SEQUENCE SET; Schema: public; Owner: postgres
--

SELECT pg_catalog.setval('public.auth_user_id_seq', 1, true);


--
-- Name: auth_user_user_permissions_id_seq; Type: SEQUENCE SET; Schema: public; Owner: postgres
--

SELECT pg_catalog.setval('public.auth_user_user_permissions_id_seq', 1, false);


--
-- Name: django_admin_log_id_seq; Type: SEQUENCE SET; Schema: public; Owner: postgres
--

SELECT pg_catalog.setval('public.django_admin_log_id_seq', 26, true);


--
-- Name: django_content_type_id_seq; Type: SEQUENCE SET; Schema: public; Owner: postgres
--

SELECT pg_catalog.setval('public.django_content_type_id_seq', 9, true);


--
-- Name: django_migrations_id_seq; Type: SEQUENCE SET; Schema: public; Owner: postgres
--

SELECT pg_catalog.setval('public.django_migrations_id_seq', 20, true);


--
-- Name: exatas_cadastros_categoria_id_seq; Type: SEQUENCE SET; Schema: public; Owner: postgres
--

SELECT pg_catalog.setval('public.exatas_cadastros_categoria_id_seq', 20, true);


--
-- Name: exatas_cadastros_conta_id_seq; Type: SEQUENCE SET; Schema: public; Owner: postgres
--

SELECT pg_catalog.setval('public.exatas_cadastros_conta_id_seq', 13, true);


--
-- Name: exatas_cadastros_lancamento_id_seq; Type: SEQUENCE SET; Schema: public; Owner: postgres
--

SELECT pg_catalog.setval('public.exatas_cadastros_lancamento_id_seq', 28, true);


--
-- Name: auth_group auth_group_name_key; Type: CONSTRAINT; Schema: public; Owner: postgres
--

ALTER TABLE ONLY public.auth_group
    ADD CONSTRAINT auth_group_name_key UNIQUE (name);


--
-- Name: auth_group_permissions auth_group_permissions_group_id_permission_id_0cd325b0_uniq; Type: CONSTRAINT; Schema: public; Owner: postgres
--

ALTER TABLE ONLY public.auth_group_permissions
    ADD CONSTRAINT auth_group_permissions_group_id_permission_id_0cd325b0_uniq UNIQUE (group_id, permission_id);


--
-- Name: auth_group_permissions auth_group_permissions_pkey; Type: CONSTRAINT; Schema: public; Owner: postgres
--

ALTER TABLE ONLY public.auth_group_permissions
    ADD CONSTRAINT auth_group_permissions_pkey PRIMARY KEY (id);


--
-- Name: auth_group auth_group_pkey; Type: CONSTRAINT; Schema: public; Owner: postgres
--

ALTER TABLE ONLY public.auth_group
    ADD CONSTRAINT auth_group_pkey PRIMARY KEY (id);


--
-- Name: auth_permission auth_permission_content_type_id_codename_01ab375a_uniq; Type: CONSTRAINT; Schema: public; Owner: postgres
--

ALTER TABLE ONLY public.auth_permission
    ADD CONSTRAINT auth_permission_content_type_id_codename_01ab375a_uniq UNIQUE (content_type_id, codename);


--
-- Name: auth_permission auth_permission_pkey; Type: CONSTRAINT; Schema: public; Owner: postgres
--

ALTER TABLE ONLY public.auth_permission
    ADD CONSTRAINT auth_permission_pkey PRIMARY KEY (id);


--
-- Name: auth_user_groups auth_user_groups_pkey; Type: CONSTRAINT; Schema: public; Owner: postgres
--

ALTER TABLE ONLY public.auth_user_groups
    ADD CONSTRAINT auth_user_groups_pkey PRIMARY KEY (id);


--
-- Name: auth_user_groups auth_user_groups_user_id_group_id_94350c0c_uniq; Type: CONSTRAINT; Schema: public; Owner: postgres
--

ALTER TABLE ONLY public.auth_user_groups
    ADD CONSTRAINT auth_user_groups_user_id_group_id_94350c0c_uniq UNIQUE (user_id, group_id);


--
-- Name: auth_user auth_user_pkey; Type: CONSTRAINT; Schema: public; Owner: postgres
--

ALTER TABLE ONLY public.auth_user
    ADD CONSTRAINT auth_user_pkey PRIMARY KEY (id);


--
-- Name: auth_user_user_permissions auth_user_user_permissions_pkey; Type: CONSTRAINT; Schema: public; Owner: postgres
--

ALTER TABLE ONLY public.auth_user_user_permissions
    ADD CONSTRAINT auth_user_user_permissions_pkey PRIMARY KEY (id);


--
-- Name: auth_user_user_permissions auth_user_user_permissions_user_id_permission_id_14a6b632_uniq; Type: CONSTRAINT; Schema: public; Owner: postgres
--

ALTER TABLE ONLY public.auth_user_user_permissions
    ADD CONSTRAINT auth_user_user_permissions_user_id_permission_id_14a6b632_uniq UNIQUE (user_id, permission_id);


--
-- Name: auth_user auth_user_username_key; Type: CONSTRAINT; Schema: public; Owner: postgres
--

ALTER TABLE ONLY public.auth_user
    ADD CONSTRAINT auth_user_username_key UNIQUE (username);


--
-- Name: django_admin_log django_admin_log_pkey; Type: CONSTRAINT; Schema: public; Owner: postgres
--

ALTER TABLE ONLY public.django_admin_log
    ADD CONSTRAINT django_admin_log_pkey PRIMARY KEY (id);


--
-- Name: django_content_type django_content_type_app_label_model_76bd3d3b_uniq; Type: CONSTRAINT; Schema: public; Owner: postgres
--

ALTER TABLE ONLY public.django_content_type
    ADD CONSTRAINT django_content_type_app_label_model_76bd3d3b_uniq UNIQUE (app_label, model);


--
-- Name: django_content_type django_content_type_pkey; Type: CONSTRAINT; Schema: public; Owner: postgres
--

ALTER TABLE ONLY public.django_content_type
    ADD CONSTRAINT django_content_type_pkey PRIMARY KEY (id);


--
-- Name: django_migrations django_migrations_pkey; Type: CONSTRAINT; Schema: public; Owner: postgres
--

ALTER TABLE ONLY public.django_migrations
    ADD CONSTRAINT django_migrations_pkey PRIMARY KEY (id);


--
-- Name: django_session django_session_pkey; Type: CONSTRAINT; Schema: public; Owner: postgres
--

ALTER TABLE ONLY public.django_session
    ADD CONSTRAINT django_session_pkey PRIMARY KEY (session_key);


--
-- Name: exatas_cadastros_categoria exatas_cadastros_categoria_pkey; Type: CONSTRAINT; Schema: public; Owner: postgres
--

ALTER TABLE ONLY public.exatas_cadastros_categoria
    ADD CONSTRAINT exatas_cadastros_categoria_pkey PRIMARY KEY (id);


--
-- Name: exatas_cadastros_conta exatas_cadastros_conta_pkey; Type: CONSTRAINT; Schema: public; Owner: postgres
--

ALTER TABLE ONLY public.exatas_cadastros_conta
    ADD CONSTRAINT exatas_cadastros_conta_pkey PRIMARY KEY (id);


--
-- Name: exatas_cadastros_cadastro exatas_cadastros_lancamento_pkey; Type: CONSTRAINT; Schema: public; Owner: postgres
--

ALTER TABLE ONLY public.exatas_cadastros_cadastro
    ADD CONSTRAINT exatas_cadastros_lancamento_pkey PRIMARY KEY (id);


--
-- Name: auth_group_name_a6ea08ec_like; Type: INDEX; Schema: public; Owner: postgres
--

CREATE INDEX auth_group_name_a6ea08ec_like ON public.auth_group USING btree (name varchar_pattern_ops);


--
-- Name: auth_group_permissions_group_id_b120cbf9; Type: INDEX; Schema: public; Owner: postgres
--

CREATE INDEX auth_group_permissions_group_id_b120cbf9 ON public.auth_group_permissions USING btree (group_id);


--
-- Name: auth_group_permissions_permission_id_84c5c92e; Type: INDEX; Schema: public; Owner: postgres
--

CREATE INDEX auth_group_permissions_permission_id_84c5c92e ON public.auth_group_permissions USING btree (permission_id);


--
-- Name: auth_permission_content_type_id_2f476e4b; Type: INDEX; Schema: public; Owner: postgres
--

CREATE INDEX auth_permission_content_type_id_2f476e4b ON public.auth_permission USING btree (content_type_id);


--
-- Name: auth_user_groups_group_id_97559544; Type: INDEX; Schema: public; Owner: postgres
--

CREATE INDEX auth_user_groups_group_id_97559544 ON public.auth_user_groups USING btree (group_id);


--
-- Name: auth_user_groups_user_id_6a12ed8b; Type: INDEX; Schema: public; Owner: postgres
--

CREATE INDEX auth_user_groups_user_id_6a12ed8b ON public.auth_user_groups USING btree (user_id);


--
-- Name: auth_user_user_permissions_permission_id_1fbb5f2c; Type: INDEX; Schema: public; Owner: postgres
--

CREATE INDEX auth_user_user_permissions_permission_id_1fbb5f2c ON public.auth_user_user_permissions USING btree (permission_id);


--
-- Name: auth_user_user_permissions_user_id_a95ead1b; Type: INDEX; Schema: public; Owner: postgres
--

CREATE INDEX auth_user_user_permissions_user_id_a95ead1b ON public.auth_user_user_permissions USING btree (user_id);


--
-- Name: auth_user_username_6821ab7c_like; Type: INDEX; Schema: public; Owner: postgres
--

CREATE INDEX auth_user_username_6821ab7c_like ON public.auth_user USING btree (username varchar_pattern_ops);


--
-- Name: django_admin_log_content_type_id_c4bce8eb; Type: INDEX; Schema: public; Owner: postgres
--

CREATE INDEX django_admin_log_content_type_id_c4bce8eb ON public.django_admin_log USING btree (content_type_id);


--
-- Name: django_admin_log_user_id_c564eba6; Type: INDEX; Schema: public; Owner: postgres
--

CREATE INDEX django_admin_log_user_id_c564eba6 ON public.django_admin_log USING btree (user_id);


--
-- Name: django_session_expire_date_a5c62663; Type: INDEX; Schema: public; Owner: postgres
--

CREATE INDEX django_session_expire_date_a5c62663 ON public.django_session USING btree (expire_date);


--
-- Name: django_session_session_key_c0390e0f_like; Type: INDEX; Schema: public; Owner: postgres
--

CREATE INDEX django_session_session_key_c0390e0f_like ON public.django_session USING btree (session_key varchar_pattern_ops);


--
-- Name: exatas_cadastros_lancamento_categoria_id_050d5a06; Type: INDEX; Schema: public; Owner: postgres
--

CREATE INDEX exatas_cadastros_lancamento_categoria_id_050d5a06 ON public.exatas_cadastros_cadastro USING btree (categoria_id);


--
-- Name: exatas_cadastros_lancamento_conta_id_aeea3e44; Type: INDEX; Schema: public; Owner: postgres
--

CREATE INDEX exatas_cadastros_lancamento_conta_id_aeea3e44 ON public.exatas_cadastros_cadastro USING btree (conta_id);


--
-- Name: auth_group_permissions auth_group_permissio_permission_id_84c5c92e_fk_auth_perm; Type: FK CONSTRAINT; Schema: public; Owner: postgres
--

ALTER TABLE ONLY public.auth_group_permissions
    ADD CONSTRAINT auth_group_permissio_permission_id_84c5c92e_fk_auth_perm FOREIGN KEY (permission_id) REFERENCES public.auth_permission(id) DEFERRABLE INITIALLY DEFERRED;


--
-- Name: auth_group_permissions auth_group_permissions_group_id_b120cbf9_fk_auth_group_id; Type: FK CONSTRAINT; Schema: public; Owner: postgres
--

ALTER TABLE ONLY public.auth_group_permissions
    ADD CONSTRAINT auth_group_permissions_group_id_b120cbf9_fk_auth_group_id FOREIGN KEY (group_id) REFERENCES public.auth_group(id) DEFERRABLE INITIALLY DEFERRED;


--
-- Name: auth_permission auth_permission_content_type_id_2f476e4b_fk_django_co; Type: FK CONSTRAINT; Schema: public; Owner: postgres
--

ALTER TABLE ONLY public.auth_permission
    ADD CONSTRAINT auth_permission_content_type_id_2f476e4b_fk_django_co FOREIGN KEY (content_type_id) REFERENCES public.django_content_type(id) DEFERRABLE INITIALLY DEFERRED;


--
-- Name: auth_user_groups auth_user_groups_group_id_97559544_fk_auth_group_id; Type: FK CONSTRAINT; Schema: public; Owner: postgres
--

ALTER TABLE ONLY public.auth_user_groups
    ADD CONSTRAINT auth_user_groups_group_id_97559544_fk_auth_group_id FOREIGN KEY (group_id) REFERENCES public.auth_group(id) DEFERRABLE INITIALLY DEFERRED;


--
-- Name: auth_user_groups auth_user_groups_user_id_6a12ed8b_fk_auth_user_id; Type: FK CONSTRAINT; Schema: public; Owner: postgres
--

ALTER TABLE ONLY public.auth_user_groups
    ADD CONSTRAINT auth_user_groups_user_id_6a12ed8b_fk_auth_user_id FOREIGN KEY (user_id) REFERENCES public.auth_user(id) DEFERRABLE INITIALLY DEFERRED;


--
-- Name: auth_user_user_permissions auth_user_user_permi_permission_id_1fbb5f2c_fk_auth_perm; Type: FK CONSTRAINT; Schema: public; Owner: postgres
--

ALTER TABLE ONLY public.auth_user_user_permissions
    ADD CONSTRAINT auth_user_user_permi_permission_id_1fbb5f2c_fk_auth_perm FOREIGN KEY (permission_id) REFERENCES public.auth_permission(id) DEFERRABLE INITIALLY DEFERRED;


--
-- Name: auth_user_user_permissions auth_user_user_permissions_user_id_a95ead1b_fk_auth_user_id; Type: FK CONSTRAINT; Schema: public; Owner: postgres
--

ALTER TABLE ONLY public.auth_user_user_permissions
    ADD CONSTRAINT auth_user_user_permissions_user_id_a95ead1b_fk_auth_user_id FOREIGN KEY (user_id) REFERENCES public.auth_user(id) DEFERRABLE INITIALLY DEFERRED;


--
-- Name: django_admin_log django_admin_log_content_type_id_c4bce8eb_fk_django_co; Type: FK CONSTRAINT; Schema: public; Owner: postgres
--

ALTER TABLE ONLY public.django_admin_log
    ADD CONSTRAINT django_admin_log_content_type_id_c4bce8eb_fk_django_co FOREIGN KEY (content_type_id) REFERENCES public.django_content_type(id) DEFERRABLE INITIALLY DEFERRED;


--
-- Name: django_admin_log django_admin_log_user_id_c564eba6_fk_auth_user_id; Type: FK CONSTRAINT; Schema: public; Owner: postgres
--

ALTER TABLE ONLY public.django_admin_log
    ADD CONSTRAINT django_admin_log_user_id_c564eba6_fk_auth_user_id FOREIGN KEY (user_id) REFERENCES public.auth_user(id) DEFERRABLE INITIALLY DEFERRED;


--
-- Name: exatas_cadastros_cadastro exatas_cadastros_lan_categoria_id_050d5a06_fk_exatas_ca; Type: FK CONSTRAINT; Schema: public; Owner: postgres
--

ALTER TABLE ONLY public.exatas_cadastros_cadastro
    ADD CONSTRAINT exatas_cadastros_lan_categoria_id_050d5a06_fk_exatas_ca FOREIGN KEY (categoria_id) REFERENCES public.exatas_cadastros_categoria(id) DEFERRABLE INITIALLY DEFERRED;


--
-- Name: exatas_cadastros_cadastro exatas_cadastros_lan_conta_id_aeea3e44_fk_exatas_ca; Type: FK CONSTRAINT; Schema: public; Owner: postgres
--

ALTER TABLE ONLY public.exatas_cadastros_cadastro
    ADD CONSTRAINT exatas_cadastros_lan_conta_id_aeea3e44_fk_exatas_ca FOREIGN KEY (conta_id) REFERENCES public.exatas_cadastros_conta(id) DEFERRABLE INITIALLY DEFERRED;


--
-- PostgreSQL database dump complete
--

